"id","name","ishide"
75,"-sql-mssql-чистый-текст-из-html","0"
91,"-sql-teradata-update-по-join","0"
56,"-java-md5","0"
18,"-java-ant-настройки-для-netbeans","0"
128,"-java-прогресс-бар-в-виде-радуги","0"
31,"-vba-подкраска-строк-из-настройки","0"
48,"-java-log4j","0"
127,"-common-формула-на-сколько-процентов-увеличилось-уменьшилось-второе-число","0"
43,"-java-ant-файл-build.properties","0"
141,"-css-подключение-стилей","0"
142,"-js-подключение-js","0"
144,"-java-авторизация-в-сервлете","0"
145,"333333333333","0"
146,"-psql-обновление-таблицы-по-join","0"
147,"тест","0"
148,"!!!!!!!!!!!!","0"
149,"-html-переадресация-в-html","0"
150,"-vba-оператор-enum","0"
153,"-vba-создание-меню","0"
154,"-java-настройка-ssl-для-tomcat","0"
155,"-ssl-сертификат-ssl","0"
156,"-java-валидация-url","0"
157,"-js-tooltip-(всплывающая-подсказка)","0"
140,"-vbs-отправка-почты","0"
158,"-java-jsp-velocity","0"
200,"-java-слушатель-изменения-столбцов-jtable","0"
171,"-java-отправка-писем-на-работе","0"
172,"-css-8-трюков","0"
173,"-java-многопоточное-программирование","0"
186,"-html-таблица-bootstrap-(бутстрап)","0"
201,"-java-рисуем-форму-диалога","0"
284,"-java-парсер-ссылок","0"
47,"-cmd-файл-для-получения-списка-пользователей-в-доменных-группах","0"
202,"-java-склеиваем-две-иконки","0"
203,"-java-определяем-расположение-панели-задач","0"
204,"-java-отключение-изменения-ширины-столбцов-jtable","0"
183,"-java-stream-api","0"
187,"-java-архивирование-файлов","0"
166,"-vbs-regexp","0"
143,"-html-ссылка-на-адрес-электронной-почты","0"
174,"-js-массивы","0"
175,"-js-перебор-свойств-объекта","0"
152,"-java-ant-создание-exe-через-launch4j-netbeans","0"
188,"-java-запись-в-файл","0"
189,"-java-текстовое-поле-с-подсказкой-jetextfieldhint","0"
169,"-java-динамическое-подключение-dll-с-абсолютным-путем","0"
170,"-java-абсолютный-путь-к-исполняемому-jar-файлу","0"
205,"-java-руссификация-выбора-фалой-и-добавление-пункта-в-конткстное-меню","0"
206,"-java-руссификация-swing","0"
192,"-java-web-подмена-адреса","0"
207,"-java-собственная-группа-кнопок","0"
208,"-java-создание-jtable-с-объединенными-столбцами","0"
209,"-java-иконка-из-web","0"
210,"-java-текстовое-поле-с-подсказкой","0"
159,"-my-cloud-думаем-о-создании-собственного-облака","0"
162,"-java-автоматическая-ширина-столбцов-jtable","0"
211,"-vbs-загрузка-файла-из-нета","0"
212,"-java-отслеживание-изменений-в-файловой-системе","0"
176,"-excel-сделать-значения-как-текст","0"
213,"-sql-описание","0"
177,"-web-mime-types","0"
178,"-java-шаблонизатор-tiles","0"
214,"-java-web-jersey-restful-web-services-in-java.","0"
184,"-java-шаблонизатор-jsp-sitemesh","0"
185,"-java-список-системных-свойств-system.getproperties()-(property)","0"
160,"-java-сортировка-таблицы","0"
218,"-scala-начинаем-изучать","0"
163,"-java-web-авторизация-в-сервлете","0"
164,"-java-таймер","0"
215,"-java-синхронизация","0"
193,"-java-вставляем-форму-в-приложение","0"
194,"-java-делаем-spinner-со-временем","0"
195,"-java-динамическое-изменение-иконки-в-дереве","0"
167,"-java-ant-сборка-проекта-в-netbeans-для-сервиса-приложений","0"
179,"-sms-отправка","0"
180,"-learning-фронкубатор","0"
182,"-vba-dictionary","0"
196,"-java-добавление-горизонтальной-прокрутки-в-jcombobox","0"
197,"-java-undo-redo","0"
198,"-java-изменение-фона-для-текстового-компонента","0"
421,"-file-","0"
422,"-java-maven-set-path-pom-file","0"
423,"-git-add-gitignore-file","0"
424,"-git-diff","0"
114,"-vba-подключение-к-access-без-access","0"
199,"-java-расположение-окна-около-кнопки-пуск","0"
217,"-java-xml-работа-с-xml","0"
219,"-python-начинаем-изучать","0"
220,"-minpart-добавление-нового-столбца","0"
221,"-java-rxjava-реактивное-программирование","0"
222,"-scala-Создаем-заглушки-сервисов-для-интеграционного-тестирования-на-apache-camel-(с-использованием-scala-dsl)","0"
151,"-java-ant-сборка-проекта-в-один-jar-через-netbeans","0"
191,"-xml-cdata","0"
190,"-windows-запрещенные-символы","0"
125,"-cmd-отправка-почты-из-командной-строки","0"
226,"-sql-mssql-удаление-(delete)-по-inner-join","0"
227,"-sql-mssql-процедура-удаления-временных-таблиц","0"
228,"-vba-чтение-и-запись-текстовых-файлов","0"
230,"-server-подключение-к-почтовому-серверу-tander","0"
231,"-scala-перебор-элементов-в-списке-с-получение-номера-элемента","0"
232,"-java-jtree-работа-с-treepath","0"
235,"-oracle-821638","0"
236,"-sql-mssql-полезные-запросы","0"
237,"-sql-mssql-merge","0"
5,"-java-функциональные-интерфейсы-(lambda-expressions)","0"
239,"-java-путь-к-приложению-из-сервлета","0"
240,"-excel-неактивна-""Проверка-данных""-и-project-is-unviewable","0"
242,"-java-получение-изображения-компонента","0"
243,"-java-html-редактор","0"
244,"-linux-переменные-в-консоли","0"
246,"-java-проблема-со-шрифтами-и-jtextpane-на-Сentos","0"
245,"-java-проблема-со-шрифтами-и-jtextpane-на-centos","0"
247,"-proxy-tander","0"
248,"-java-post-изображения","0"
249,"-java-dll","0"
250,"-java-dll-из-cmd","0"
271,"-arduino-два-запроса-к-серверу-из-chrome","0"
181,"-java-вставляем-форму-в-приложение,-jframe","0"
252,"-server-start-tomcat","0"
253,"-linux-распаковка-tar","0"
254,"-linux-сделать-sh-исполняемым","0"
272,"-arduino-датчик-ds18b20","0"
255,"-java-jetextfieldhint-класс-с-отображением-текста-в-тексте-для-ввода-и-ограничением-по-длине","0"
256,"-java-componentenable-отключение-и-включение-всех-компонентов-в-родителе","0"
273,"-arduino-реле-songle-srd-05vdc","0"
274,"-arduino-фоторезистор","0"
276,"-arduino-avrdude-stk500_recv()-programmer-is-not","0"
277,"-arduino-передача-данных-по-радиоканалу-на-частоте-433.920-МГц","0"
258,"-java-установка-proxy-в-систему","0"
259,"-java-работа-с-видео","0"
278,"-arduino-сайт","0"
279,"-common-кэш-иконок","0"
297,"-groovy-запуск-скрипта-из-cmd","0"
260,"-java-web-создание-статического-контекста-вне-war-приложения","0"
261,"-java-web-web.xml","0"
262,"-java-cross-join-list","0"
263,"-java-кэшируем-resultset","0"
285,"-groovy-reading-and-writing-to-properties-file-(чтение-и-запись-файла-свойств)","0"
298,"-groovy-распаковка-zip","0"
280,"-sql-mssql-логирование","0"
281,"-sql-mssql-склеивание-даты-и-времени-из-разных-дат","0"
282,"-groovy-получение-данных-из-БД-+-парсинг-значений","0"
283,"-groovy-выполнение-кода-получения-таблиц-пользователей","0"
264,"-groovy-подключение-через-прокси-(proxy)","0"
289,"-jbake-создание-статического-сайта","0"
299,"-groovy-чтение-с-консоли","0"
291,"-java-координаты-точки-на-окружности","0"
292,"-vba-отправка-почты","0"
293,"-groovy-из-строки-в-код","0"
294,"-vbs-чтение-excel-и-отправка-почты","0"
295,"-groovy-ошибка-при-использовании-jsyntaxpane-[jeditorpane-is-not-enclosed-in-jscrollpane,-no-linenumbers-will-be-displayed]","0"
275,"-arduino-датчик-влажности-и-температуры-dht11","0"
296,"-groovy-ввод-с-консоли","0"
300,"-sql-teradata-преобразовываем-дату-в-формат","0"
301,"-java-скопировать-в-буфер-текст-как-html","0"
302,"-java-mailto","0"
304,"-sql-подключение-к-БД-без-odbc","0"
305,"-sql-teradata-витрина-с-полным-текстом-запроса","0"
306,"-java-зависание-интерфейса","0"
307,"-java-color-to-hex","0"
216,"-java-keytool-ssl-сертификат-при-использовании-httpurlconnection-соединения","0"
35,"-js-кодировка-русских-букв-в-get-запросах-ajax","0"
115,"-vba-подключение-к-mysql-без-odbc","0"
224,"-js-webix","0"
309,"-java-окончание-слов-для-чисел","0"
308,"-sql-аналитические-функции","0"
303,"-sql->teradata-отстрел-сессии","0"
327,"-groovy-запуск-скрипта-и-проверка-ошибки","0"
233,"-sql-mssql-столбец-в-одну-строку","0"
238,"-java-запуск-из-cmd","0"
290,"-java->groovy-форма","0"
223,"-db-java-redis","0"
287,"-groovy-swingui","0"
345,"-java-spring-hibernate","0"
326,"-cmd-список-файлов-из-директории","0"
352,"-java->maven-сборка-проекта-с-библиотеками-в-один-jar","0"
336,"-sql->teradata-получение-частей-строки","0"
338,"-java-connection-pool","0"
339,"-java-spring-web-services","0"
340,"-java-olap","0"
341,"-sql->teradata-регулярка","0"
397,"-java-netbeans-не-подсказываются-импорты","0"
358,"-java->swing-binding","0"
359,"-vba-для-Жены","0"
360,"-vba-ссылка-на-книгу-в-ВПР","0"
361,"-java-teradata-jdbc","0"
362,"-java->maven-сборка-проекта-для-""Сервиса-приложений""","0"
405,"-proxy-определяем-прокси","0"
310,"-vba-генерация-списка-месяцов-по-заданному-диапазону-и-формату","0"
311,"-vba-генерация-случайных-чисел","0"
312,"-vba-внесение-данных-с-листа","0"
313,"-vba-функция-по-переводу-в-транслит","0"
314,"-vba-системный-разделитель","0"
315,"-javafx-web-view","0"
316,"-vba-класс-подключения","0"
317,"-vba-выгрузка-данных-на-лист","0"
318,"-vbs-работа-с-excel-и-отправка-почты","0"
319,"-vbs-выполнение-скриптов","0"
320,"-vbs-логирование-в-файл","0"
322,"-video-конвертация","0"
323,"-java-bat-динамическое-указание-classpath-из-bat","0"
324,"-cmd-рандом","0"
325,"-clojure","0"
344,"-web-server-sent","0"
346,"-hibernate-типы-данных-для-маппинга","0"
347,"-java-jdo","0"
348,"-hibernate-запросы","0"
349,"-java-javalite","0"
350,"-java-netbeans-maven","0"
353,"-java-просмотр-графа-и-классов-проекта","0"
354,"-patterns-шаблоны-проектирования","0"
355,"-java-connection-pool","0"
356,"-hibernate-hibernate-util-class","0"
357,"-java->maven-добавление-jar-файла-в-локальное-хранилище","0"
351,"-java->maven-сборка-проекта-с-библиотеками-в-отдельную-папку","0"
343,"-sq-l->-mssql->otz-полезные-запросы","0"
363,"-java->netbeans-установка-jdk-по-умолчанию-при-запуске","0"
364,"-sql-деление-групп-на-подгруппы","0"
337,"-java-mssql-jdbc","0"
406,"-proxy-устанавливаем-proxy-через-конкретного-пользователя","0"
365,"-vba-вставка-формул","0"
366,"-meizu-заряд-батареи","0"
367,"-java-установка-java-из-exe-без-его-выполнения","0"
369,"-netbeans-заморозка-экрана-в-версии->-8.0-(frozen)","0"
371,"-vbs-получение-ip","0"
373,"-java-рейтинг-со-звездами","0"
374,"-java-combobox-и-popupmenu","0"
375,"-java-combobox-и-popupmenu","0"
377,"-java-swing-uimanager-keys","0"
378,"-excel-сводная-таблица","0"
379,"-java-парсинг-коммандной-строки","0"
380,"-java->spring-spc","0"
381,"-java-чтение-данных-с-изображения","0"
408,"-java-jetty","0"
328,"-groovy-разные-запуски","0"
425,"-java-maven-properties-from-file","0"
426,"-git-branches","0"
427,"-git-.gitignore-idea","0"
428,"-linux-add-path","0"
429,"-java-ee-cdi","0"
430,"-git-pull-local-branch-from-remote","0"
431,"-java-ee-jaxrs-resteasy-тестирование","0"
432,"-git-branch-merge","0"
433,"-java-ee7-api-maven-all","0"
434,"-web-soupui-отправка-json-utf8","0"
435,"-git-intellij-refresh-list-remote-branches","0"
436,"-java-jpa-persistance.xml-h2db-inmemory","0"
437,"-java-maven-build-source-version","0"
117,"-vba-получение-списка-доступных-подключений","0"
118,"-vba-получение-списка-всех-драйверов","0"
14,"-java-кофигурация-tomcat-для-подключения-к-БД","0"
120,"-vba-разархивирование-файла","0"
121,"-vba-рекурсивный-просмотр-дерева","0"
38,"-js-скрыть-модальное-окно","0"
122,"-vba-свернуть-окно-при-закрытии","0"
36,"-js-jq-jquery.ajax()","0"
15,"-java-фильтр-для-сервлета","0"
28,"-js-jq-.keyup()","0"
42,"-js-$(-document-).ready()","0"
131,"-java-редирект-на-другую-страницу","0"
132,"asefawefaef","0"
106,"-sql-common-рекурсивное-построение-дерева","0"
13,"-java-пример-создания-jtreetable","0"
119,"-vba-работа-с-буфером-обмена","0"
21,"-vbs-username","0"
22,"-java-класс-обновления-окон-+-обработки-esc","0"
8,"-regexp-вырезание-определенной-строки-без-просмотра-назад","0"
45,"-cmd-запуск-ssis-пакетов","0"
29,"-vba-некорректное-значение-в-ячейке-при-вызове-метода-.value","0"
30,"-vba-цветовая-палитра","0"
107,"-vba-code-execution-has-been-interrupted","0"
110,"-vba-карта-(dictionary)","0"
33,"-vba-изменение-стиля-ссылки","0"
138,"-tomcat-не-запускается-root-war","0"
34,"-java-обновление-приложений-через-сокеты","0"
17,"-java-подключение-к-разным-БД","0"
116,"-vba-подключение-к-teradata-без-odbc","0"
123,"-vba-получение-текущего-каталога-запуска","0"
10,"-java-класс-для-логирования-в-консоль-и-файл","0"
16,"-java-системные-константы","0"
9,"-java-динамическая-загрузка-dll","0"
6,"-java-запуск-одного-экземпляра-приложения","0"
137,"-js-копирование-в-буфер-по-нажатию","0"
136,"22222222222222","0"
44,"-cmd-папка-из-которой-запущен-bat","0"
46,"-cmd-узнать-список-пользователей-группы","0"
135,"44444444444444","0"
49,"-java-настройка-стандартного-логгера","0"
51,"-java-динамическое-определение-proxy","0"
52,"-java-конвертация-файлов-для-языковых-настроек","0"
53,"-java-конвертация-файлов-для-языковых-настроек","0"
54,"-java-перетягиваем-файлы-на-кнопку","0"
55,"-java-путь-к-моим-документам","0"
50,"-java-подключение-стандартного-логгера","0"
67,"-sql-mssql-varchar-to-datetime","0"
68,"-sql-mssql-активные-подключения","0"
74,"-sql-mssql-курсор","0"
124,"-vbs-чтение-файла","0"
20,"-vbs-чтение-аргументов-командной-строки","0"
126,"-common-чем-занят-порт","0"
129,"-java-unsupported-major.minor-version-52.0-netbeans","0"
92,"-sql-teradata-переименование-столбца","0"
7,"-java-работа-с-почтой","0"
288,"-groovy-обучение","0"
257,"-java-mousemovewindowlistener-перетаскиваем-форму,-frame","0"
93,"-sql-teradata-размер-таблиц","0"
94,"-sql-teradata-создание-временной-таблицы","0"
95,"-sql-teradata-удаление-волатильных-таблиц","0"
108,"-vba-архивация-файла","0"
109,"-vba-выполнение-кода-из-строки","0"
39,"-js-отправка-form-через-ajax","0"
40,"-js-вставка-текста-в-позицию-курсора","0"
139,"-java-позиция-курсора-мышки-на-экране","0"
111,"-vba-загрузка-настроек-из-xml","0"
112,"-vba-массивы","0"
113,"-vba-открытое-подключение-на-весь-период","0"
335,"-python-обучение","0"
286,"-java-jmx","0"
382,"-vba-формирование-строк-по-условиям-из-столбцов","0"
383,"-java-замена-значений-в-annotation-runtime","0"
384,"-vba-экспорт/импорт-модулей-в-книге","0"
398,"-java-maven-плагины-(plugins)","0"
386,"-java->maven-установка-архетипа-в-локальный-репозиторий-(spring-maven-mvc)","0"
387,"-teradata-least-(на-бою)","0"
388,"-java->maven-плагин-ant","0"
389,"-vba-получение-значения-из-процедуры","0"
390,"-vba-система-обновления-надстроек","0"
391,"-teradata-запрос-для-получения-поставщика-на-рц","0"
392,"-java->spring-базовые-зависимости-maven-spring","0"
393,"-vba-проблемы-с-dictionary","0"
394,"-java-uimanager-color","0"
396,"-sql-mssql-pivot","0"
399,"-sql-mssql-показываем-полное-имя-процедуры-из-нее-же","0"
333,"-sql-mssql:отправка-почты-otz-prod1","0"
334,"-sql-mssql-текст-процедур","0"
370,"-java-tomcat-mssql-настройка-подключения","0"
376,"-sql-mssql-настройка-удаленного-доступа","0"
368,"-sql-mssql-сравнение-по-словам","0"
400,"-java-extensions-diagram","0"
401,"-java-typereference-(super-type-tokens)","0"
395,"-java-xml-transform","0"
402,"-java-dll-loader-from-jar","0"
409,"-java-pack-folder-to-war","0"
410,"-java-servlet-filter-charset","0"
372,"-db-редактор-бд","0"
342,"-common-алгоритмы","0"
385,"-web-шаблон-для-bootstrap","0"
265,"-common-пробрасывание-портов-на-домашнем-роутере","0"
403,"-java-mbean-(jmc)","0"
404,"-vba-разукрашивание-ячеек-рандомным-цветом","0"
329,"-cmd-if","0"
412,"-bat-рекурсивное-удаление-файлов-папок","0"
413,"-java-key-finger","0"
414,"-java-socket-proxy","0"
415,"-java-proxy-apps-examples","0"
416,"-commom-файл-md5","0"
417,"-groovy-script-execute-cmd-command","0"
418,"-bat-simple-question","0"
419,"-java-file-shredder","0"
420,"-java-maven-build-jar","0"
411,"-git-ssh","0"
